{"0.1-logisticregression": 2.0, "0.2-knearestneighbors": 0.26666666666666666, "0.3-supportvector": 1.9999999999999698, "0.4-decisiontree": 0.2967231185489528, "0.5-randomforest": 0.5110595238095239, "0.6-adaboost": 0.4996891661000805, "0.7-gradientboosting": 0.2581189570296502, "0.8-extremegradientboosting": 0.24891822040081024, "0.9-neuralnet.h5": 2.1688528319593775e-19}